seq,user,amount
1,Alice,100
2,Bob,200
3,Charlie,150
4,David,300
5,Eve,250
6,Frank,400
7,Grace,350
8,Hannah,450
9,Ian,500
10,Jack,600
11,Kathy,550
12,Liam,700
13,Mia,650
14,Noah,800
15,Olivia,750
16,Paul,900
17,Quinn,850
18,Rita,950
19,Sam,1000
20,Tina,1100
21,Bob,1200
22,David,1300
23,Frank,1400
24,Hannah,1500
25,Jack,1600
26,Liam,1700
27,Noah,1800
29,Paul,1900
30,Rita,2000
31,Alex,2100
32,Ben,2200
33,Chris,2300
34,Dan,2400
35,Emma,2500
36,Fred,2600
37,George,2700
38,Helen,2800
39,Ivy,2900
40,John,3000
41,Kate,3100
42,Luke,3200
43,Mary,3300
44,Nick,3400
45,Oscar,3500
46,Peter,3600
47,Queen,3700
48,Rose,3800
49,Steve,3900
50,Tom,4000
51,Uma,4100
52,Victor,4200
53,Will,4300
54,Xena,4400
55,Yuki,4500
56,Zack,4600
57,Amy,4700
58,Bill,4800
59,Carol,4900
60,Dick,5000
61,Ella,5100
62,Felix,5200
63,Gary,5300
64,Holly,5400
65,Iris,5500
66,Jake,5600
67,Kim,5700
68,Leo,5800
69,Mike,5900
70,Nina,6000
71,Owen,6100
72,Pam,6200
73,Quin,6300
74,Rick,6400
75,Sara,6500
76,Ted,6600
77,Ursula,6700
78,Vince,6800
79,Wade,6900
80,Xander,7000
81,Yolanda,7100
82,Zoe,7200
83,Alan,7300
84,Beth,7400
85,Carl,7500
86,Diana,7600
87,Eric,7700
88,Fiona,7800
89,Greg,7900
90,Henry,8000
91,Ida,8100
92,James,8200
93,Kelly,8300
94,Linda,8400
95,Mark,8500
96,Nancy,8600
97,Oliver,8700
98,Penny,8800
99,Ralph,8900
100,Susan,9000
101,Tony,9100
102,Ulysses,9200
103,Vera,9300
104,Walter,9400
105,Xavier,9500
106,Yvette,9600
107,Zara,9700
108,Adam,9800
109,Bella,9900
110,Clark,10000
111,Donna,10100
112,Edward,10200
113,Flora,10300
114,Gordon,10400
115,Harry,10500
116,Isabel,10600
117,Jason,10700
118,Karen,10800
119,Larry,10900
120,Monica,11000
121,Nathan,11100
122,Oprah,11200
123,Phil,11300
124,Rachel,11400
125,Simon,11500
126,Tracy,11600
127,Uri,11700
128,Violet,11800
129,Wayne,11900
130,Xiomara,12000
131,Yves,12100
132,Zelda,12200
133,Andy,12300
134,Brenda,12400
135,Chuck,12500
136,Debbie,12600
137,Ethan,12700
138,Faith,12800
139,Glenn,12900
140,Heidi,13000
141,Isaac,13100
142,Julia,13200
143,Kevin,13300
144,Laura,13400
145,Martin,13500
146,Nora,13600
147,Otto,13700
148,Paula,13800
149,Quentin,13900
150,Ruby,14000
151,Scott,14100
152,Tanya,14200
153,Ulrich,14300
154,Valerie,14400
155,Warren,14500
156,Xena,14600
157,Yan,14700
158,Zeke,14800
159,Abby,14900
160,Bruce,15000
161,Cathy,15100
162,Derek,15200
163,Elaine,15300
164,Frank,15400
165,Gloria,15500
166,Howard,15600
167,Irene,15700
168,Jerry,15800
169,Kenny,15900
170,Lucy,16000
171,Mario,16100
172,Nina,16200
173,Oscar,16300
174,Patty,16400
175,Quincy,16500
176,Randy,16600
177,Sally,16700
178,Terry,16800
179,Uma,16900
180,Vincent,17000
181,Wendy,17100
182,Xerxes,17200
183,Yosef,17300
184,Zach,17400
185,Alice,17500
186,Bob,17600
187,Cindy,17700
188,Doug,17800
189,Eva,17900
190,Fred,18000
191,Gina,18100
192,Hugo,18200
193,Ida,18300
194,Jim,18400
195,Ken,18500
196,Lisa,18600
197,Max,18700
198,Nadia,18800
199,Omar,18900
200,Piper,19000

